stimulus_sample,response_sample,stimulus_code,response_code,rt_ms,congruency,direction,correct
34675,35240,3,1,551.7578125,congruent,left,True
36261,36706,3,1,434.5703125,congruent,left,True
37848,38369,6,2,508.7890625,incongruent,right,True
39401,39917,3,1,503.90625,congruent,left,True
40885,41441,5,1,542.96875,incongruent,left,True
42386,42907,5,1,508.7890625,incongruent,left,True
43939,44415,5,1,464.84375,incongruent,left,True
45491,46028,5,1,524.4140625,incongruent,left,True
46941,47437,4,2,484.375,congruent,right,True
48443,48904,5,1,450.1953125,incongruent,left,True
49910,50395,6,2,473.6328125,incongruent,right,True
51497,51918,3,1,411.1328125,congruent,left,True
52947,53417,4,2,458.984375,congruent,right,True
54448,54859,4,2,401.3671875,congruent,right,True
56001,56473,5,1,460.9375,incongruent,left,True
57570,58062,6,2,480.46875,incongruent,right,True
59157,59594,3,1,426.7578125,congruent,left,True
60760,61216,6,2,445.3125,incongruent,right,True
62193,62658,4,2,454.1015625,congruent,right,True
63729,64091,3,1,353.515625,congruent,left,True
65316,65656,4,2,332.03125,congruent,right,True
66800,67253,6,2,442.3828125,incongruent,right,True
68267,68802,6,2,522.4609375,incongruent,right,True
69888,70325,5,1,426.7578125,incongruent,left,True
71509,71931,6,2,412.109375,incongruent,right,True
73095,73479,5,2,375.0,incongruent,left,False
74648,75068,5,1,410.15625,incongruent,left,True
76268,76699,4,2,420.8984375,congruent,right,True
77855,78288,5,1,422.8515625,incongruent,left,True
79322,79803,6,2,469.7265625,incongruent,right,True
80926,81278,3,1,343.75,congruent,left,True
82547,82892,4,2,336.9140625,congruent,right,True
84133,84587,4,2,443.359375,congruent,right,True
85635,86078,3,1,432.6171875,congruent,left,True
87085,87495,3,1,400.390625,congruent,left,True
88620,89011,4,2,381.8359375,congruent,right,True
90122,90404,6,1,275.390625,incongruent,right,False
91589,91993,3,1,394.53125,congruent,left,True
93210,93664,6,2,443.359375,incongruent,right,True
94728,95130,4,2,392.578125,congruent,right,True
140126,140669,4,2,530.2734375,congruent,right,True
141713,142086,4,2,364.2578125,congruent,right,True
143299,143937,3,1,623.046875,congruent,left,True
144852,145248,3,1,386.71875,congruent,left,True
146473,146878,3,1,395.5078125,congruent,left,True
148111,148418,4,2,299.8046875,congruent,right,True
149578,149983,4,2,395.5078125,congruent,right,True
151164,151539,4,2,366.2109375,congruent,right,True
152649,153137,5,1,476.5625,incongruent,left,True
154218,154595,3,1,368.1640625,congruent,left,True
155685,156151,5,1,455.078125,incongruent,left,True
157238,157560,5,2,314.453125,incongruent,left,False
158807,159166,3,1,350.5859375,congruent,left,True
160411,160911,4,2,488.28125,congruent,right,True
161981,162377,6,1,386.71875,incongruent,right,False
163482,163851,3,1,360.3515625,congruent,left,True
164949,165391,5,1,431.640625,incongruent,left,True
166451,166874,6,2,413.0859375,incongruent,right,True
167884,168259,4,2,366.2109375,congruent,right,True
169522,169815,3,1,286.1328125,congruent,left,True
171023,171339,3,1,308.59375,congruent,left,True
172473,172936,5,1,452.1484375,incongruent,left,True
173957,174321,4,2,355.46875,congruent,right,True
175578,175967,5,1,379.8828125,incongruent,left,True
177011,177425,4,2,404.296875,congruent,right,True
178547,178900,4,2,344.7265625,congruent,right,True
180048,180415,6,1,358.3984375,incongruent,right,False
181566,182078,6,2,500.0,incongruent,right,True
183153,183594,6,2,430.6640625,incongruent,right,True
184740,185109,3,1,360.3515625,congruent,left,True
186343,186920,6,2,563.4765625,incongruent,right,True
187845,188329,6,2,472.65625,incongruent,right,True
189482,189926,6,2,433.59375,incongruent,right,True
190984,191441,3,1,446.2890625,congruent,left,True
192587,193031,6,2,433.59375,incongruent,right,True
194055,194489,5,1,423.828125,incongruent,left,True
195556,196021,5,1,454.1015625,incongruent,left,True
197108,197553,5,1,434.5703125,incongruent,left,True
198712,199027,6,1,307.6171875,incongruent,right,False
200350,200969,5,1,604.4921875,incongruent,left,True
243752,244189,6,2,426.7578125,incongruent,right,True
245236,245655,3,1,409.1796875,congruent,left,True
246857,247277,6,2,410.15625,incongruent,right,True
248307,248670,4,2,354.4921875,congruent,right,True
249809,250185,4,2,367.1875,congruent,right,True
251293,251750,6,2,446.2890625,incongruent,right,True
252914,253347,6,2,422.8515625,incongruent,right,True
254381,254748,5,2,358.3984375,incongruent,left,False
255933,256460,6,2,514.6484375,incongruent,right,True
257520,257853,5,2,325.1953125,incongruent,left,False
259090,259425,6,2,327.1484375,incongruent,right,True
260727,261187,5,1,449.21875,incongruent,left,True
262365,262964,4,2,584.9609375,congruent,right,True
263849,264275,3,1,416.015625,congruent,left,True
265317,265741,5,1,414.0625,incongruent,left,True
266886,267281,6,2,385.7421875,incongruent,right,True
268422,268920,5,1,486.328125,incongruent,left,True
269974,270402,3,1,417.96875,congruent,left,True
271578,272082,5,2,492.1875,incongruent,left,False
273182,273704,5,1,509.765625,incongruent,left,True
274649,275014,3,1,356.4453125,congruent,left,True
276252,276571,6,1,311.5234375,incongruent,right,False
277856,278291,5,1,424.8046875,incongruent,left,True
279494,279930,6,2,425.78125,incongruent,right,True
281132,281388,5,1,250.0,incongruent,left,True
282650,283034,4,2,375.0,congruent,right,True
284186,284558,4,2,363.28125,congruent,right,True
285636,286090,6,2,443.359375,incongruent,right,True
287103,287474,3,1,362.3046875,congruent,left,True
288638,288957,3,1,311.5234375,congruent,left,True
290259,290644,5,2,375.9765625,incongruent,left,False
291846,292193,4,2,338.8671875,congruent,right,True
293432,293864,3,1,421.875,congruent,left,True
294917,295330,4,2,403.3203125,congruent,right,True
296555,296911,4,2,347.65625,congruent,right,True
298124,298533,3,1,399.4140625,congruent,left,True
299574,299942,4,2,359.375,congruent,right,True
301076,301417,4,2,333.0078125,congruent,right,True
302645,302932,3,1,280.2734375,congruent,left,True
304181,304464,3,1,276.3671875,congruent,left,True
345262,345735,6,2,461.9140625,incongruent,right,True
346713,347062,3,1,340.8203125,congruent,left,True
348333,348659,4,2,318.359375,congruent,right,True
349801,350215,4,2,404.296875,congruent,right,True
351302,351682,4,2,371.09375,congruent,right,True
352889,353271,5,1,373.046875,incongruent,left,True
354373,354803,5,1,419.921875,incongruent,left,True
355908,356187,3,1,272.4609375,congruent,left,True
357393,357686,5,1,286.1328125,incongruent,left,True
359030,359497,5,1,456.0546875,incongruent,left,True
360634,360988,4,2,345.703125,congruent,right,True
362187,362470,3,1,276.3671875,congruent,left,True
363790,364240,5,1,439.453125,incongruent,left,True
365326,365706,5,1,371.09375,incongruent,left,True
366827,367164,4,2,329.1015625,congruent,right,True
368311,368655,5,2,335.9375,incongruent,left,False
369830,370236,5,1,396.484375,incongruent,left,True
371365,371793,6,2,417.96875,incongruent,right,True
372884,373095,6,1,206.0546875,incongruent,right,False
374368,374865,6,2,485.3515625,incongruent,right,True
375903,376282,4,2,370.1171875,congruent,right,True
377405,377879,6,2,462.890625,incongruent,right,True
378974,379337,3,1,354.4921875,congruent,left,True
380475,380845,3,1,361.328125,congruent,left,True
382028,382352,3,1,316.40625,congruent,left,True
383563,383867,4,1,296.875,congruent,right,False
385133,385522,3,1,379.8828125,congruent,left,True
386754,387079,6,1,317.3828125,incongruent,right,False
388221,388611,4,2,380.859375,congruent,right,True
389756,390151,5,1,385.7421875,incongruent,left,True
391258,391568,6,1,302.734375,incongruent,right,False
392810,393190,6,2,371.09375,incongruent,right,True
394295,394672,3,1,368.1640625,congruent,left,True
395915,396286,4,2,362.3046875,congruent,right,True
397417,397720,6,2,295.8984375,incongruent,right,True
399037,399399,6,1,353.515625,incongruent,right,False
400556,401013,5,1,446.2890625,incongruent,left,True
402142,402569,3,1,416.9921875,congruent,left,True
403593,403978,4,2,375.9765625,congruent,right,True
405145,405494,3,1,340.8203125,congruent,left,True
434148,434632,6,2,472.65625,incongruent,right,True
435632,436058,5,1,416.015625,incongruent,left,True
437236,437549,3,1,305.6640625,congruent,left,True
438737,439072,3,1,327.1484375,congruent,left,True
440307,440629,3,1,314.453125,congruent,left,True
441791,442103,6,1,304.6875,incongruent,right,False
443241,443610,5,1,360.3515625,incongruent,left,True
444709,445151,6,2,431.640625,incongruent,right,True
446227,446600,5,1,364.2578125,incongruent,left,True
447711,448181,6,2,458.984375,incongruent,right,True
449213,449541,6,1,320.3125,incongruent,right,False
450833,451229,3,1,386.71875,congruent,left,True
452318,452671,4,2,344.7265625,congruent,right,True
453836,454194,5,2,349.609375,incongruent,left,False
455406,455775,3,1,360.3515625,congruent,left,True
456873,457258,3,1,375.9765625,congruent,left,True
458476,458872,6,1,386.71875,incongruent,right,False
460046,460404,3,1,349.609375,congruent,left,True
461684,462009,4,2,317.3828125,congruent,right,True
463134,463426,5,2,285.15625,incongruent,left,False
464669,465147,5,1,466.796875,incongruent,left,True
466205,466597,4,2,382.8125,congruent,right,True
467774,468194,4,2,410.15625,congruent,right,True
469259,469636,3,1,368.1640625,congruent,left,True
470811,471233,6,2,412.109375,incongruent,right,True
472313,472724,4,2,401.3671875,congruent,right,True
473797,474281,4,2,472.65625,congruent,right,True
475332,475747,5,1,405.2734375,incongruent,left,True
476970,477361,5,2,381.8359375,incongruent,left,False
478471,478868,4,2,387.6953125,congruent,right,True
480024,480425,3,1,391.6015625,congruent,left,True
481559,482038,3,1,467.7734375,congruent,left,True
483010,483464,4,2,443.359375,congruent,right,True
484579,484963,4,2,375.0,congruent,right,True
486012,486478,6,2,455.078125,incongruent,right,True
487582,487912,4,2,322.265625,congruent,right,True
489220,489583,5,2,354.4921875,incongruent,left,False
490704,491131,6,2,416.9921875,incongruent,right,True
492154,492720,5,1,552.734375,incongruent,left,True
493638,494195,6,2,543.9453125,incongruent,right,True
531427,531877,3,1,439.453125,congruent,left,True
533014,533508,5,1,482.421875,incongruent,left,True
534652,535031,5,2,370.1171875,incongruent,left,False
536153,536473,4,2,312.5,congruent,right,True
537620,538079,4,2,448.2421875,congruent,right,True
539071,539529,6,2,447.265625,incongruent,right,True
540538,540880,6,2,333.984375,incongruent,right,True
542107,542494,3,1,377.9296875,congruent,left,True
543626,544034,4,2,398.4375,congruent,right,True
545229,545591,3,1,353.515625,congruent,left,True
546816,547352,5,1,523.4375,incongruent,left,True
548437,548785,6,1,339.84375,incongruent,right,False
549955,550383,5,1,417.96875,incongruent,left,True
551559,551980,5,2,411.1328125,incongruent,left,False
553026,553324,5,2,291.015625,incongruent,left,False
554544,554946,6,2,392.578125,incongruent,right,True
556063,556551,3,2,476.5625,congruent,left,False
557598,558075,3,1,465.8203125,congruent,left,True
559185,559590,4,2,395.5078125,congruent,right,True
560720,561401,5,1,665.0390625,incongruent,left,True
562358,562769,4,2,401.3671875,congruent,right,True
563911,564383,6,2,460.9375,incongruent,right,True
565361,565865,6,2,492.1875,incongruent,right,True
566982,567348,4,2,357.421875,congruent,right,True
568483,568831,4,2,339.84375,congruent,right,True
570104,570559,6,2,444.3359375,incongruent,right,True
571639,572107,4,2,457.03125,congruent,right,True
573158,573738,3,2,566.40625,congruent,left,False
574659,575065,4,2,396.484375,congruent,right,True
576143,576785,5,1,626.953125,incongruent,left,True
577764,578341,3,1,563.4765625,congruent,left,True
579231,579636,3,1,395.5078125,congruent,left,True
580715,581323,4,2,593.75,congruent,right,True
582183,582871,5,1,671.875,incongruent,left,True
583667,584149,6,2,470.703125,incongruent,right,True
585254,585747,5,1,481.4453125,incongruent,left,True
586874,587426,3,1,539.0625,congruent,left,True
588478,588917,3,2,428.7109375,congruent,left,False
590099,590555,6,2,445.3125,incongruent,right,True
591651,592104,6,2,442.3828125,incongruent,right,True
621558,622004,6,2,435.546875,incongruent,right,True
623179,623675,4,2,484.375,congruent,right,True
624749,625117,4,2,359.375,congruent,right,True
626352,626763,3,1,401.3671875,congruent,left,True
627973,628426,4,2,442.3828125,congruent,right,True
629492,629958,6,2,455.078125,incongruent,right,True
630959,631375,5,1,406.25,incongruent,left,True
632545,632891,3,1,337.890625,congruent,left,True
634183,634644,6,2,450.1953125,incongruent,right,True
635770,636159,3,1,379.8828125,congruent,left,True
637203,637536,3,1,325.1953125,congruent,left,True
638636,639035,5,1,389.6484375,incongruent,left,True
640223,640599,4,2,367.1875,congruent,right,True
641792,642098,5,2,298.828125,incongruent,left,False
643259,643622,3,1,354.4921875,congruent,left,True
644778,645072,4,1,287.109375,congruent,right,False
646228,646530,5,2,294.921875,incongruent,left,False
647712,648046,4,2,326.171875,congruent,right,True
649179,649586,3,1,397.4609375,congruent,left,True
650817,651134,6,1,309.5703125,incongruent,right,False
652336,652690,4,2,345.703125,congruent,right,True
653803,654140,6,2,329.1015625,incongruent,right,True
655355,655738,4,2,374.0234375,congruent,right,True
656976,657433,6,1,446.2890625,incongruent,right,False
658495,659080,3,1,571.2890625,congruent,left,True
659996,660374,3,1,369.140625,congruent,left,True
661446,661906,5,1,449.21875,incongruent,left,True
662947,663373,6,2,416.015625,incongruent,right,True
664517,664847,4,2,322.265625,congruent,right,True
666035,666428,3,1,383.7890625,congruent,left,True
667554,667862,6,2,300.78125,incongruent,right,True
669106,669598,6,2,480.46875,incongruent,right,True
670642,671007,5,2,356.4453125,incongruent,left,False
672211,672506,6,2,288.0859375,incongruent,right,True
673678,674153,5,1,463.8671875,incongruent,left,True
675129,675603,5,1,462.890625,incongruent,left,True
676698,677184,3,1,474.609375,congruent,left,True
678199,678544,5,2,336.9140625,incongruent,left,False
679820,680141,5,2,313.4765625,incongruent,left,False
681322,681681,4,2,350.5859375,congruent,right,True
704422,704889,6,2,456.0546875,incongruent,right,True
706042,706486,5,1,433.59375,incongruent,left,True
707680,708165,5,1,473.6328125,incongruent,left,True
709301,709738,5,1,426.7578125,incongruent,left,True
710802,711270,6,2,457.03125,incongruent,right,True
712235,712655,4,2,410.15625,congruent,right,True
713754,714203,5,1,438.4765625,incongruent,left,True
715255,715579,3,1,316.40625,congruent,left,True
716722,717078,3,1,347.65625,congruent,left,True
718292,718651,6,1,350.5859375,incongruent,right,False
719913,720363,4,2,439.453125,congruent,right,True
721465,721977,5,1,500.0,incongruent,left,True
722932,723476,3,1,531.25,congruent,left,True
724502,725041,3,1,526.3671875,congruent,left,True
726020,726417,3,1,387.6953125,congruent,left,True
727641,728006,3,1,356.4453125,congruent,left,True
729211,729898,5,1,670.8984375,incongruent,left,True
730729,731234,4,2,493.1640625,congruent,right,True
732281,732700,6,2,409.1796875,incongruent,right,True
733766,734175,3,1,399.4140625,congruent,left,True
735301,735723,5,2,412.109375,incongruent,left,False
736837,737173,6,1,328.125,incongruent,right,False
738389,738885,3,1,484.375,congruent,left,True
739908,740310,4,2,392.578125,congruent,right,True
741528,741965,4,2,426.7578125,congruent,right,True
743098,743513,4,2,405.2734375,congruent,right,True
744702,745127,6,1,415.0390625,incongruent,right,False
746254,746839,5,1,571.2890625,incongruent,left,True
747738,748314,5,1,562.5,incongruent,left,True
749189,749583,6,1,384.765625,incongruent,right,False
750690,750992,6,1,294.921875,incongruent,right,False
752174,752500,4,2,318.359375,congruent,right,True
753761,754138,4,2,368.1640625,congruent,right,True
755296,755678,5,2,373.046875,incongruent,left,False
756746,757251,3,1,493.1640625,congruent,left,True
758282,758758,6,2,464.84375,incongruent,right,True
759903,760274,3,1,362.3046875,congruent,left,True
761523,762010,4,2,475.5859375,congruent,right,True
763008,763387,4,2,370.1171875,congruent,right,True
764560,764861,6,2,293.9453125,incongruent,right,True
787438,787864,4,2,416.015625,congruent,right,True
788957,789453,5,1,484.375,incongruent,left,True
790458,790854,3,1,386.71875,congruent,left,True
791908,792377,6,2,458.0078125,incongruent,right,True
793410,793819,4,2,399.4140625,congruent,right,True
794979,795359,3,1,371.09375,congruent,left,True
796515,796875,4,2,351.5625,congruent,right,True
798084,798456,4,2,363.28125,congruent,right,True
799637,800037,3,1,390.625,congruent,left,True
801138,801536,6,2,388.671875,incongruent,right,True
802673,803035,3,1,353.515625,congruent,left,True
804277,804665,3,1,378.90625,congruent,left,True
805915,806377,6,2,451.171875,incongruent,right,True
807399,807827,3,1,417.96875,congruent,left,True
808918,809351,6,2,422.8515625,incongruent,right,True
810368,810801,6,2,422.8515625,incongruent,right,True
812006,812382,4,2,367.1875,congruent,right,True
813643,814078,5,1,424.8046875,incongruent,left,True
815145,815544,6,1,389.6484375,incongruent,right,False
816748,817150,5,1,392.578125,incongruent,left,True
818199,818575,6,2,367.1875,incongruent,right,True
819717,820041,5,2,316.40625,incongruent,left,False
821321,821753,6,2,421.875,incongruent,right,True
822958,823465,5,1,495.1171875,incongruent,left,True
824528,824989,3,1,450.1953125,congruent,left,True
826063,826414,3,1,342.7734375,congruent,left,True
827565,827979,4,2,404.296875,congruent,right,True
828998,829404,5,1,396.484375,incongruent,left,True
830550,831043,5,1,481.4453125,incongruent,left,True
832120,832517,5,1,387.6953125,incongruent,left,True
833707,834107,4,2,390.625,congruent,right,True
835242,835557,4,2,307.6171875,congruent,right,True
836726,837179,3,1,442.3828125,congruent,left,True
838228,838604,4,2,367.1875,congruent,right,True
839797,840250,3,1,442.3828125,congruent,left,True
841333,841823,6,2,478.515625,incongruent,right,True
842936,843675,5,1,721.6796875,incongruent,left,True
844489,844977,5,1,476.5625,incongruent,left,True
846041,846468,4,2,416.9921875,congruent,right,True
847474,847893,6,2,409.1796875,incongruent,right,True
872093,872543,6,2,439.453125,incongruent,right,True
873697,873993,3,1,289.0625,congruent,left,True
875147,875623,3,1,464.84375,congruent,left,True
876580,876966,3,1,376.953125,congruent,left,True
878064,878465,4,2,391.6015625,congruent,right,True
879685,880128,3,1,432.6171875,congruent,left,True
881186,881726,5,1,527.34375,incongruent,left,True
882756,883184,3,1,417.96875,congruent,left,True
884394,884806,3,1,402.34375,congruent,left,True
886031,886567,5,1,523.4375,incongruent,left,True
887669,888107,5,1,427.734375,incongruent,left,True
889273,889819,5,1,533.203125,incongruent,left,True
890894,891384,4,2,478.515625,congruent,right,True
892429,892850,5,1,411.1328125,incongruent,left,True
894016,894317,6,1,293.9453125,incongruent,right,False
895534,895988,4,1,443.359375,congruent,right,False
897018,897454,4,2,425.78125,congruent,right,True
898503,899051,5,1,535.15625,incongruent,left,True
899987,900583,6,1,582.03125,incongruent,right,False
901505,902074,5,1,555.6640625,incongruent,left,True
903007,903393,4,2,376.953125,congruent,right,True
904474,904999,5,1,512.6953125,incongruent,left,True
905992,906391,3,1,389.6484375,congruent,left,True
907613,908071,4,2,447.265625,congruent,right,True
909114,909709,5,1,581.0546875,incongruent,left,True
910633,911003,4,2,361.328125,congruent,right,True
912066,912486,4,2,410.15625,congruent,right,True
913567,913977,6,1,400.390625,incongruent,right,False
915017,915345,6,1,320.3125,incongruent,right,False
916502,916992,6,2,478.515625,incongruent,right,True
918122,918491,4,2,360.3515625,congruent,right,True
919641,920391,6,2,732.421875,incongruent,right,True
921091,921554,6,2,452.1484375,incongruent,right,True
922712,923119,4,2,397.4609375,congruent,right,True
924179,924741,6,2,548.828125,incongruent,right,True
925765,926273,3,1,496.09375,congruent,left,True
927250,928722,3,2,1437.5,congruent,left,False
928751,929312,5,1,547.8515625,incongruent,left,True
930252,930688,6,2,425.78125,incongruent,right,True
931702,932114,3,1,402.34375,congruent,left,True
